,alpha_power_1,alpha_power_2,alpha_power_3,alpha_power_4,alpha_power_5,alpha_power_6,alpha_power_7,alpha_power_8,beta_power_1,beta_power_2,beta_power_3,beta_power_4,beta_power_5,beta_power_6,beta_power_7,beta_power_8,gamma_power_1,gamma_power_2,gamma_power_3,gamma_power_4,gamma_power_5,gamma_power_6,gamma_power_7,gamma_power_8,theta_power_1,theta_power_2,theta_power_3,theta_power_4,theta_power_5,theta_power_6,theta_power_7,theta_power_8,label
0,0.014489126,0.025695884,0.027005339,0.027566786,0.028871647,0.033105732,0.018433144,0.010126527,0.031923672,0.025828642,0.024851918,0.100292398,0.109901177,0.126057214,0.052395473,0.011587875,0.089976074,0.066047828,0.056228788,0.365592196,0.405071395,0.455624137,0.170956766,0.007071879,0.029616489,0.086228498,0.087619606,0.029069357,0.027949832,0.032639352,0.028987538,0.026645581,normal
1,0.014597959,0.018953731,0.022765549,0.009362836,0.013367368,0.012808339,0.013381576,0.010975761,0.026224688,0.026678173,0.028356671,0.014230155,0.025444695,0.021915986,0.025987343,0.013766254,0.059496637,0.019382161,0.048585676,0.031389278,0.059371061,0.044939317,0.061660787,0.013484606,0.033467644,0.084614443,0.077264913,0.026162341,0.030362159,0.030322209,0.030346637,0.029336235,normal
2,0.028303948,0.030117,0.030203982,0.069510544,0.043300795,0.039130535,0.052190541,0.040584125,0.015347473,0.012855059,0.012620735,0.120196978,0.128089623,0.033499131,0.146705508,0.084222255,0.030612234,0.031753196,0.025889402,0.118592382,0.269477466,0.101432805,0.197074026,0.082461333,0.144785232,0.158228099,0.159844335,0.068771987,0.045400819,0.138430171,0.04097872,0.058124294,normal
3,0.012018143,0.011793302,0.011881311,0.012022984,0.012013098,0.01200658,0.012542253,0.012346795,0.013489563,0.012838571,0.013238402,0.013395671,0.013390173,0.013370326,0.016319782,0.015156323,0.007740893,0.036888121,0.036968892,0.007151874,0.007178685,0.007211171,0.019219738,0.014074168,0.032745152,0.033381846,0.033861946,0.03273036,0.032719663,0.032739902,0.032649006,0.032565203,normal
4,0.012216699,0.012247808,0.012259112,0.012160016,0.012168079,0.012158897,0.012174029,0.012265718,0.013572417,0.013644686,0.013663177,0.013563999,0.013558263,0.013536472,0.013530412,0.013811532,0.007138301,0.007151468,0.007157004,0.007160469,0.007152643,0.007148233,0.007155291,0.00716841,0.033145356,0.033401128,0.033326191,0.033285066,0.03326617,0.033250537,0.03326025,0.033241134,normal
5,0.001474642,0.007285277,0.007940255,0.059730431,0.031835064,0.02859763,0.037755268,0.017519403,0.002548606,0.007242307,0.008559529,0.089864729,0.075889342,0.049098287,0.086031156,0.040274642,0.008571139,0.158077679,0.121053438,0.082457718,0.131237051,0.115780628,0.124022122,0.045526228,0.004049726,0.024593243,0.027891208,0.054461799,0.032909551,0.040858281,0.042733935,0.032497347,normal
6,0.017123219,0.025200917,0.024721016,0.008764352,0.028208942,0.023234125,0.030996671,0.016844191,0.016644028,0.021057971,0.02084272,0.010075119,0.079799639,0.032799975,0.097967431,0.033136133,0.045943881,0.070509322,0.067360963,0.014738658,0.196964802,0.079064453,0.163806367,0.048993259,0.085090664,0.136234132,0.135242958,0.019851049,0.03910736,0.094910284,0.038343488,0.037373232,normal
7,0.009933507,0.048403356,0.051015841,0.043535634,0.032726158,0.033018087,0.033348652,0.026381143,0.015421721,0.039040711,0.039049008,0.08618631,0.111937891,0.069938596,0.113580316,0.059587849,0.040097574,0.322496006,0.288198785,0.129446359,0.304406409,0.168436781,0.207815173,0.095026265,0.02119613,0.13125387,0.138561232,0.053675975,0.039933321,0.058020448,0.042250205,0.056418794,normal
8,0.01544907,0.009344751,0.009795251,0.067058478,0.04096396,0.044243386,0.046899868,0.038078279,0.036883156,0.025003917,0.025486546,0.099976115,0.135991447,0.075383754,0.138118224,0.075425068,0.093929363,0.492616838,0.450082185,0.120771891,0.331917359,0.18767534,0.209003495,0.08669119,0.026254536,0.040386933,0.044753512,0.059791484,0.036268149,0.0551479,0.045222864,0.068594308,normal
9,0.033018262,0.053022042,0.043345602,0.005961821,0.03541332,0.012382757,0.036013871,0.031162358,0.061600573,0.051543699,0.078634536,0.008323728,0.143437797,0.013757233,0.147677858,0.111817367,0.15862783,0.042370828,0.074019807,0.028697015,0.536878431,0.007300734,0.557327842,0.386499819,0.075846497,0.173813428,0.155250166,0.022514756,0.029344411,0.033555986,0.028288088,0.030454249,normal
10,0.022086389,0.010107837,0.049363208,0.06064543,0.041186923,0.063024311,0.030367262,0.038718591,0.084742104,0.016502356,0.140125642,0.172210494,0.082213638,0.158917725,0.05451155,0.141655683,0.297586084,0.025068156,0.205983802,0.288198742,0.218008355,0.198991486,0.289076341,0.464754769,0.029384344,0.196660563,0.097931517,0.090073828,0.095590088,0.104055763,0.070978412,0.041018655,normal
11,0.003973853,0.003029136,0.004024657,0.003716409,0.003082508,0.004056913,0.003026821,0.010146259,0.008292669,0.005289045,0.005600815,0.003281574,0.002762235,0.005128765,0.002536976,0.009179135,0.011061465,0.007332061,0.018148061,0.024337922,0.036969497,0.015698719,0.048138174,0.122440341,0.006670202,0.012033301,0.012637135,0.012384674,0.011046322,0.009833781,0.010511731,0.031305769,normal
12,0.045907204,0.014281904,0.009984264,0.012851497,0.012468491,0.021109146,0.01276715,0.022202584,0.09929359,0.064052787,0.053871986,0.02577241,0.022523661,0.033862797,0.014380695,0.037086329,0.12773413,0.078056492,0.337149973,0.436116564,0.50606555,0.251211671,0.611080089,0.098421152,0.062178343,0.036716162,0.026762466,0.029657486,0.024443868,0.039521012,0.017158799,0.044992538,normal
13,0.079019471,0.016421495,0.010731355,0.013417575,0.012101506,0.022671028,0.008978747,0.023671596,0.177995433,0.033176073,0.024091694,0.020187423,0.017912716,0.030103895,0.00884679,0.040010966,0.245370295,0.051267814,0.333388997,0.478193732,0.543507888,0.302780522,0.443983844,0.176157492,0.102616118,0.045155959,0.026740319,0.029417255,0.023536678,0.037286077,0.016969793,0.040377934,normal
14,0.046329777,0.021190632,0.007106766,0.020275124,0.018247759,0.025701879,0.010343221,0.00429329,0.099310959,0.062830147,0.018798951,0.033421356,0.027665711,0.033528252,0.013649387,0.008353182,0.143132299,0.09271618,0.146612964,0.502295537,0.571388625,0.289490065,0.582525545,0.138826598,0.062666784,0.061682432,0.017054119,0.042630529,0.036163204,0.054091903,0.018591936,0.010023216,normal
15,0.010730636,0.009622722,0.009761456,0.009725176,0.010432475,0.006866699,0.009348425,0.012212286,0.014316905,0.011186114,0.011039319,0.01072307,0.015473031,0.008099826,0.010945618,0.023238503,0.018534049,0.008296467,0.010146798,0.008569868,0.054586007,0.019092105,0.031537902,0.056124332,0.027531322,0.028265924,0.026868912,0.026520531,0.026330528,0.018665943,0.026633483,0.027229777,normal
16,0.007968031,0.003185128,0.004463309,0.01271032,0.018491888,0.015326226,0.033602499,0.010126611,0.021093748,0.005186608,0.005640297,0.012181778,0.017743944,0.012692491,0.023405367,0.010334736,0.025351567,0.011569392,0.022671593,0.033125785,0.085490373,0.140969806,0.085049828,0.025368085,0.009720019,0.011526767,0.013826628,0.021966133,0.027929972,0.01966273,0.027748241,0.015710298,normal
17,0.02085442,0.011065761,0.011880446,0.013692666,0.012999588,0.011876665,0.014072084,0.016214065,0.065168751,0.012906151,0.016789374,0.024637987,0.017503812,0.015378236,0.016652747,0.039537548,0.220627403,0.00918087,0.026367673,0.06099248,0.024484093,0.040180069,0.026346592,0.119440272,0.02925975,0.031313117,0.031574204,0.030773457,0.033557489,0.029836929,0.031638689,0.029953949,normal
18,0.058222789,0.00315037,0.004325864,0.005840322,0.006434668,0.005150889,0.00908038,0.004600261,0.136256566,0.008615456,0.007775964,0.010924499,0.011985628,0.007858261,0.01191562,0.00870391,0.180375505,0.029740379,0.041257437,0.0392322,0.057590245,0.106537862,0.051301193,0.03166726,0.076769414,0.012479494,0.016580268,0.011774891,0.011643284,0.007556435,0.009046862,0.008941878,normal
19,0.040058233,0.0048804,0.005983184,0.010895262,0.006268315,0.008428299,0.013210682,0.024510198,0.147013783,0.016380093,0.01515711,0.063959882,0.016819888,0.032448485,0.034217993,0.093958117,0.561095851,0.056278149,0.061654491,0.231260226,0.055055472,0.160485392,0.123611709,0.360782561,0.032459965,0.018012281,0.018727429,0.01291433,0.012134003,0.010433774,0.014253898,0.021433337,normal
20,0.041138224,0.019483001,0.350457806,0.148938151,0.23225305,0.331775112,0.309451375,0.111106902,0.076085398,0.005111036,0.056559123,0.056064047,0.046693452,0.081723378,0.056507763,0.042320529,0.074616104,0.00538552,0.048572097,0.062698294,0.066589449,0.059347377,0.044540268,0.133452593,0.040797849,0.005742156,0.056445378,0.046044031,0.025399495,0.056887422,0.064450397,0.034045657,pain
21,0.031582843,0.00086152,0.050864307,0.004244651,0.026808322,0.256302034,0.048708868,0.009525147,0.061948556,0.000343077,0.011924686,0.002127389,0.007543823,0.083049291,0.014021808,0.006903017,0.060559661,0.000369551,0.010521122,0.002241664,0.009659826,0.057011197,0.011119646,0.018756694,0.037810719,0.000316398,0.009939902,0.001569546,0.003897663,0.04691425,0.012684819,0.004962624,pain
22,0.033608277,0.002771116,0.165427159,0.015010922,0.09013757,0.210507141,0.076542545,0.016271268,0.06523727,0.0018858,0.05679877,0.008272794,0.037741885,0.076330601,0.030708679,0.018910201,0.061480715,0.002195695,0.05600269,0.010232568,0.053989583,0.071360171,0.026141189,0.048374229,0.035829927,0.001586441,0.047229821,0.00696932,0.017978031,0.060956032,0.031105081,0.011085643,pain
23,0.013498608,0.012166731,0.012689246,0.013143937,0.016303654,0.011662865,0.013964115,0.023839204,0.01963667,0.013707495,0.015997298,0.018369861,0.02015772,0.012241448,0.018642222,0.040266876,0.029150149,0.007538397,0.015683423,0.02614458,0.144444333,0.313690523,0.020623243,0.054054753,0.033251065,0.032942336,0.032636687,0.032814534,0.060677328,0.043840841,0.034508614,0.047968678,pain
24,0.050663836,0.007600498,0.024565225,0.009912413,0.019459194,0.031287139,0.012328839,0.007382933,0.114564158,0.016983472,0.036196432,0.009084367,0.030761434,0.023371159,0.016285295,0.012001272,0.114197879,0.024680674,0.057737445,0.013799836,0.051099666,0.022160647,0.02534454,0.037825031,0.0687581,0.052733838,0.071244478,0.025160757,0.03065254,0.032726173,0.038627502,0.047256865,pain
25,0.013475875,0.001663354,0.012647696,0.003205945,0.015052742,0.015587998,0.008918572,0.002959159,0.028882288,0.004662885,0.028930349,0.0052824,0.037599034,0.01592086,0.016122516,0.005643167,0.029219886,0.01171339,0.079096111,0.017486963,0.121460711,0.032667591,0.039159412,0.011970734,0.019343574,0.010939135,0.038250104,0.012929691,0.027365484,0.030800949,0.035557796,0.027206356,pain
26,0.026008306,0.008526058,0.025988859,0.011402351,0.028516165,0.037958402,0.014275136,0.00748033,0.056159949,0.021902113,0.035479711,0.012524923,0.036377779,0.031516006,0.020339142,0.010474874,0.052705805,0.03316505,0.055105455,0.019389032,0.062195188,0.028581304,0.027879697,0.03718944,0.035303605,0.063733029,0.069479434,0.026993656,0.036139511,0.035788947,0.043373791,0.0516551,pain
27,0.028203725,0.001731435,0.014248879,0.005593607,0.006776231,0.013698079,0.009745467,0.002929743,0.060103728,0.002561459,0.023800656,0.006756524,0.011477113,0.012180011,0.011888212,0.002979295,0.057386078,0.004099115,0.053163353,0.019341112,0.032632065,0.023004991,0.021617428,0.007861151,0.040828416,0.011001935,0.051727587,0.023367074,0.014395244,0.039436166,0.041190773,0.018752808,pain
28,0.012548298,0.00330363,0.01498593,0.005286826,0.014187174,0.011539539,0.008250086,0.003651632,0.02821349,0.004082637,0.024015121,0.011195777,0.04286425,0.013469154,0.012741422,0.003929726,0.027736414,0.009260965,0.060485828,0.040796592,0.156935612,0.035215901,0.031535612,0.011859548,0.018693013,0.021844736,0.046413405,0.020924617,0.024388809,0.032481776,0.032191882,0.025492282,pain
29,0.012791477,0.011471432,0.013296365,0.013245479,0.014407374,0.012140353,0.016374054,0.032950372,0.018117388,0.013475392,0.017924152,0.017159361,0.016811994,0.014666251,0.024183255,0.060421588,0.02142712,0.009079714,0.019023829,0.016620784,0.148805574,0.333063137,0.028572789,0.09509757,0.030761011,0.030121707,0.032356457,0.032784803,0.059053794,0.039071766,0.036643633,0.06039947,pain
30,0.007756212,0.011304377,0.009396282,0.006799048,0.007851724,0.004944112,0.010609771,0.008724004,0.026768109,0.037022944,0.034775372,0.023544706,0.024571901,0.015322881,0.015042453,0.042340118,0.056715444,0.082839504,0.080670835,0.053231845,0.071691348,0.039015496,0.046757037,0.130849308,0.008701084,0.015740989,0.010928057,0.009029192,0.011886284,0.007860165,0.035970739,0.0114619,pain
31,0.01069142,0.016342057,0.011972014,0.011980349,0.015227777,0.013526359,0.01112234,0.013633408,0.020048636,0.027413453,0.023066181,0.020395612,0.031454974,0.024072325,0.011774456,0.039388936,0.045690345,0.064267278,0.053091393,0.04606611,0.087884785,0.057328219,0.027265398,0.126071698,0.022392986,0.031505024,0.02056122,0.019936694,0.021031009,0.020939563,0.035053615,0.021609349,pain
32,0.008805241,0.01313555,0.01186015,0.002894945,0.016572948,0.013316341,0.012575053,0.009960182,0.02405795,0.031390118,0.039697289,0.006686597,0.06842499,0.031381018,0.01112652,0.048985892,0.04952746,0.062849299,0.084670979,0.01466935,0.163064387,0.06711095,0.019263751,0.106154837,0.015455693,0.023397703,0.016738853,0.004245102,0.019613801,0.018152142,0.049591405,0.015095375,pain
33,0.011619307,0.0129176,0.010800518,0.00867726,0.015335299,0.015652509,0.010328273,0.018468255,0.031190829,0.031855716,0.033315547,0.023717015,0.056184092,0.037519321,0.009616815,0.090652768,0.060428017,0.057180453,0.06981134,0.045457221,0.135660464,0.07394646,0.023697287,0.205174606,0.017845889,0.01883699,0.013760411,0.012130278,0.017350419,0.020520186,0.039386179,0.020240256,pain
34,0.004287388,0.004110315,0.003747533,0.002983846,0.005119685,0.005514341,0.004617539,0.006888353,0.012363311,0.009127813,0.00944255,0.006457023,0.015921358,0.011253328,0.00525485,0.034366899,0.02517078,0.019705806,0.021992952,0.014698107,0.039171182,0.021702347,0.016813007,0.078837643,0.00850844,0.007496767,0.005257482,0.003937964,0.005927312,0.0062173,0.020618101,0.011089995,pain
35,0.032569909,0.033972006,0.035437098,0.033814735,0.042318314,0.073192444,0.007182536,0.024792964,0.092340091,0.076975379,0.105397063,0.060807177,0.15977386,0.128105575,0.006854414,0.111021621,0.125932332,0.132148734,0.168117124,0.084482122,0.332603933,0.153535516,0.015260111,0.181162425,0.044237252,0.053012784,0.037964399,0.045242966,0.048091779,0.069480469,0.025777096,0.030962992,pain
36,0.040754885,0.047322352,0.048675958,0.065443971,0.061883553,0.118273216,0.00813213,0.024499446,0.137976275,0.088638838,0.140543937,0.103679686,0.186590634,0.156021661,0.006928103,0.148449584,0.417815833,0.085743377,0.421363575,0.124817012,0.324578181,0.137046555,0.010903962,0.210217373,0.036930681,0.06984211,0.038405682,0.069050771,0.041064218,0.076486125,0.028070696,0.035983415,pain
37,0.004492976,0.004794517,0.00414914,0.005665816,0.003581144,0.004949504,0.008258851,0.004121947,0.007150973,0.006662676,0.00674249,0.00724729,0.008825811,0.006829851,0.010622837,0.014604908,0.015920644,0.012727595,0.015053618,0.013252641,0.022669609,0.012981614,0.026771063,0.03773129,0.013351642,0.014689715,0.011692405,0.014923123,0.009437132,0.013502721,0.030586435,0.008935984,pain
38,0.006665186,0.006233492,0.005749484,0.004633665,0.006064525,0.005572357,0.01670441,0.007332796,0.00969908,0.008257097,0.008575775,0.00783335,0.010283618,0.007669021,0.0194007,0.02669225,0.011766768,0.009716799,0.011008937,0.008594507,0.018371801,0.009844242,0.032140893,0.056278232,0.016667039,0.015358499,0.017311622,0.023013604,0.016209572,0.015626299,0.082623069,0.016630818,pain
39,0.006654835,0.008434284,0.006451577,0.011594638,0.008073263,0.009618817,0.021615739,0.008282391,0.011756012,0.046235307,0.036920188,0.014886186,0.04434206,0.042754387,0.032213459,0.015604851,0.047077261,0.132614866,0.081919112,0.065714844,0.134370217,0.105541601,0.080380856,0.081213778,0.03127968,0.061563172,0.024428469,0.017796403,0.058349533,0.0650931,0.053666631,0.028970016,pain
40,0.032765569,0.07574778,0.00660189,0.022811818,0.027322613,0.146456376,0.066299588,0.050611354,0.065957592,0.053753887,0.0076097,0.031164947,0.012217681,0.08638205,0.038659166,0.048596505,0.211205444,0.068447769,0.122055031,0.059831375,0.052356779,0.11529545,0.04644405,0.085349445,0.042727407,0.07993165,0.019342178,0.018472863,0.044181334,0.12726726,0.071377667,0.059811994,yoga
41,0.014550221,0.164199782,0.129627432,0.101031818,0.216904741,0.207697842,0.216770833,0.178226764,0.031081426,0.075083113,0.052892263,0.042714715,0.078704173,0.089743425,0.085069903,0.088279371,0.0338969,0.078757666,0.251520417,0.539332667,0.057178305,0.080947868,0.085270519,0.048623289,0.017780861,0.117958128,0.083387666,0.067301949,0.126637071,0.138316536,0.132647146,0.133316975,yoga
42,0.06212078,0.089021542,0.06005072,0.063692904,0.167301397,0.182416177,0.181177929,0.151723778,0.131241629,0.059568053,0.029354435,0.032061205,0.07141414,0.083111548,0.078272732,0.080062958,0.144215983,0.108252816,0.206130849,0.66962969,0.09537607,0.149842531,0.132192564,0.100602479,0.072734584,0.073107043,0.043671736,0.047917038,0.10735366,0.121833756,0.119073854,0.113562297,yoga
43,0.022452674,0.133636318,0.104698621,0.057490985,0.191653382,0.185785253,0.196365602,0.169855838,0.047394549,0.089524275,0.0570969,0.028054354,0.082547524,0.083335371,0.077366409,0.078928351,0.053821414,0.131144351,0.378460336,0.70843751,0.049511313,0.127262748,0.115686394,0.045046651,0.028531716,0.117935264,0.076388036,0.046455415,0.138013843,0.137438977,0.131127443,0.136845392,yoga
44,0.04654886,0.038842415,0.015189391,0.015918263,0.018968932,0.06667005,0.054155046,0.01531802,0.08856869,0.095625715,0.022076181,0.014969802,0.029092721,0.038347452,0.039057609,0.021596843,0.102100607,0.318813922,0.040344544,0.042106296,0.064124163,0.038339298,0.067182042,0.035665121,0.069,0.04089089,0.035557802,0.036273342,0.037240392,0.07023365,0.060765075,0.03495378,yoga
45,0.015939362,0.011517192,0.011517503,0.050044347,0.012286891,0.020992433,0.012365903,0.01166623,0.028035358,0.012816027,0.013499835,0.039817946,0.014508591,0.057982944,0.015506627,0.014074431,0.035399524,0.006976774,0.010735215,0.377555504,0.01377831,0.204394461,0.015830698,0.012351662,0.032287125,0.03110086,0.03104231,0.063142731,0.031662765,0.032975269,0.032484889,0.03099015,yoga
46,0.049218548,0.030526831,0.017890678,0.062437999,0.026364877,0.013293652,0.045015162,0.050541893,0.109736018,0.039899751,0.03504417,0.057149231,0.037050923,0.014461595,0.11571047,0.102715128,0.132263124,0.132360874,0.103362974,0.168920576,0.144714788,0.010783425,0.502346894,0.358610713,0.073701075,0.036265544,0.031168276,0.061820872,0.038234661,0.035064963,0.03070306,0.037607929,yoga
47,0.088200403,0.025573947,0.028589494,0.06467961,0.047527926,0.080053913,0.069013252,0.046380104,0.196907604,0.033634938,0.04090122,0.063720529,0.052784838,0.054018974,0.049283164,0.030539138,0.232238178,0.134223735,0.125848984,0.196442537,0.285635346,0.243284899,0.46800353,0.06569624,0.117792724,0.023241489,0.021853174,0.055385477,0.040788886,0.045685658,0.033480456,0.029763193,yoga
48,0.01927326,0.020727343,0.012502457,0.066670558,0.014580943,0.013740511,0.034795313,0.033757389,0.028905627,0.020362843,0.013614202,0.043098023,0.015561681,0.015911111,0.067601594,0.110171486,0.023288825,0.066950229,0.007552721,0.116048145,0.014715122,0.014008477,0.272858097,0.402478698,0.039117814,0.013863278,0.032978114,0.037522644,0.035867068,0.035038945,0.031003898,0.02913535,yoga
49,0.054554578,0.058226868,0.058392231,0.119400619,0.08530071,0.141146381,0.123277038,0.10415473,0.116609592,0.042136852,0.044013843,0.066203367,0.043190138,0.06160427,0.053162585,0.047652107,0.127349105,0.089043582,0.074776206,0.109372084,0.176544391,0.175388882,0.367998226,0.045125567,0.064515031,0.041797952,0.038875872,0.077782973,0.055020154,0.060826308,0.044884765,0.048684709,yoga
50,0.047687955,0.011124184,0.026507846,0.055854829,0.036592248,0.033174072,0.011285388,0.070879764,0.108339595,0.013647743,0.081928174,0.057264119,0.075192222,0.129427297,0.016444094,0.049989434,0.143770596,0.008740751,0.423809233,0.107565853,0.332984756,0.542641897,0.025460274,0.092992203,0.071252313,0.03083785,0.030075118,0.080699749,0.048946584,0.032173151,0.028217006,0.066757437,yoga
51,0.040129878,0.034458267,0.011947927,0.073438505,0.024040245,0.01075209,0.042119404,0.080625276,0.085648143,0.039086576,0.013385775,0.051463653,0.034251747,0.01195757,0.126239736,0.046118839,0.098838122,0.107759456,0.028398673,0.093543906,0.122575791,0.01071355,0.511841891,0.102788707,0.063328191,0.040713185,0.025589192,0.071111521,0.033598571,0.02810717,0.029671207,0.052554202,yoga
52,0.090494691,0.025526609,0.02831989,0.050255036,0.033756028,0.071217212,0.066195177,0.0593657,0.207816241,0.040596329,0.056913004,0.066708218,0.062278825,0.052683159,0.055842813,0.042935774,0.242587258,0.166559277,0.182541846,0.253016543,0.333325317,0.275606502,0.492719597,0.089073611,0.111539049,0.028701843,0.02880886,0.057222651,0.039519175,0.051969987,0.037537992,0.049007182,yoga
53,0.071294354,0.034734322,0.035932797,0.085791784,0.055719233,0.089901012,0.078615347,0.052057767,0.160996166,0.033004758,0.041902806,0.061462698,0.036140293,0.046476533,0.040386852,0.030671312,0.186767049,0.100658384,0.088004318,0.146603829,0.185523584,0.212540394,0.453926536,0.044293184,0.095379125,0.033405355,0.028672811,0.074924025,0.04487217,0.053171407,0.039065419,0.037048038,yoga
54,0.085919908,0.026359553,0.029571236,0.061303869,0.049635298,0.078969292,0.07030598,0.049098127,0.206704766,0.03223077,0.041237597,0.060938613,0.052567551,0.05963643,0.04845674,0.033080155,0.239916152,0.134643429,0.127520179,0.197841772,0.315073605,0.269644089,0.479487569,0.094096767,0.116711863,0.023090428,0.02251203,0.051241784,0.040962767,0.050249983,0.034519534,0.035143423,yoga
55,0.079891815,0.022363789,0.021626937,0.063238087,0.046676395,0.088278889,0.063963853,0.058399952,0.163923869,0.03811081,0.032011804,0.065342528,0.061326361,0.056530196,0.056414802,0.037223231,0.205617292,0.175775765,0.122235857,0.248109766,0.317881508,0.270596084,0.46377755,0.09316489,0.099650902,0.018373612,0.015755982,0.042296156,0.035010558,0.03553647,0.030199506,0.025557417,yoga
56,0.076594936,0.016685892,0.009745448,0.088211633,0.0637081,0.121435101,0.08185819,0.081460604,0.158662455,0.013814099,0.008549804,0.045019172,0.036038709,0.045986386,0.041618377,0.032262464,0.180435124,0.050800158,0.025643707,0.129844483,0.197540194,0.184391485,0.391300848,0.054680733,0.097031222,0.007075156,0.004139538,0.031353627,0.024666419,0.0295343,0.025761521,0.024117935,yoga
57,0.013133616,0.03134628,0.010043166,0.068292264,0.06834159,0.011040722,0.031911996,0.02111738,0.019130177,0.023869861,0.010931703,0.038947541,0.050063203,0.012824783,0.062773457,0.014894736,0.013901644,0.051435356,0.005688944,0.073799353,0.078376006,0.0108508,0.226218534,0.008079735,0.027405569,0.021887203,0.026483989,0.042248873,0.024201795,0.028155499,0.027845149,0.027169599,yoga
58,0.085337003,0.057289931,0.058688308,0.12778848,0.093081782,0.140260167,0.115679544,0.109125854,0.183092128,0.039043686,0.044082782,0.064087986,0.042399601,0.057106303,0.050718044,0.04935217,0.204730867,0.08629703,0.083281189,0.115913358,0.189478874,0.176579636,0.376423986,0.047620838,0.098377515,0.035902853,0.037967058,0.072386956,0.052924336,0.053581919,0.040575795,0.045770939,yoga
59,0.051310578,0.056298074,0.06673899,0.095620749,0.06812915,0.120485844,0.111364687,0.089047348,0.110274441,0.048475824,0.0578327,0.064544939,0.043039706,0.058760834,0.053229621,0.046021387,0.120343839,0.097970614,0.08642153,0.096729508,0.157969781,0.164618794,0.357223116,0.044605527,0.062876344,0.052968501,0.054892249,0.082659779,0.05764326,0.067261919,0.049475397,0.055404187,yoga
60,0.00764083,0.011224321,0.009326387,0.006760296,0.007821948,0.004957414,0.010499061,0.00869213,0.026356941,0.036811574,0.034536099,0.023437146,0.024628328,0.01534398,0.014962773,0.042173744,0.055884045,0.082322622,0.080175749,0.053019771,0.071712314,0.0390785,0.046555386,0.130597299,0.00859772,0.015694678,0.010869943,0.008994409,0.011816637,0.007856558,0.035733834,0.011402159,pain
61,0.011367023,0.017239731,0.012643675,0.012700439,0.016082413,0.014321869,0.011137079,0.014134697,0.020861162,0.028175352,0.023767413,0.021107452,0.032057738,0.025081327,0.011617863,0.039535952,0.046393396,0.064052227,0.053181041,0.046173455,0.087844486,0.058537371,0.02733653,0.125041196,0.023138217,0.032406044,0.021164111,0.020507571,0.021762251,0.021699986,0.034590532,0.022042168,pain
62,0.009048784,0.013328505,0.012126291,0.003020564,0.016620323,0.013597869,0.012547337,0.009793955,0.024664982,0.031439453,0.040678964,0.006977387,0.069557579,0.03212009,0.011175119,0.049291998,0.050625721,0.063050193,0.086399027,0.015311237,0.16526777,0.068985685,0.018856892,0.105992703,0.015594902,0.023580417,0.016893188,0.004451681,0.019958159,0.018627069,0.050881755,0.015126559,pain
63,0.012026458,0.013025219,0.011380504,0.009009817,0.016211007,0.016208771,0.01075694,0.018462964,0.033011865,0.032709461,0.034455081,0.024311612,0.058469076,0.038616622,0.009591561,0.091352567,0.064109841,0.059370448,0.072569329,0.046541533,0.140849286,0.076535437,0.024093954,0.204105461,0.019126888,0.01935757,0.014377221,0.012652031,0.018165902,0.021448092,0.039969994,0.021042808,pain
64,0.00416724,0.00411271,0.003770011,0.002967418,0.005060801,0.00563743,0.004882035,0.007108858,0.011799299,0.008967207,0.009461614,0.006371867,0.015949586,0.011217901,0.005372166,0.034632962,0.024774145,0.019317444,0.022020467,0.014412408,0.039102102,0.021375688,0.016483913,0.079117535,0.008513884,0.007257221,0.005200557,0.003817335,0.005650747,0.005964639,0.02126242,0.010753417,pain
65,0.032181136,0.034299659,0.036114018,0.032552043,0.042388675,0.075443267,0.007468838,0.024834233,0.090244286,0.076194771,0.104355446,0.05677152,0.156460818,0.127941103,0.006967168,0.109162225,0.12290802,0.135044272,0.168885311,0.081515768,0.332061293,0.156883987,0.016347474,0.180392168,0.04418573,0.053559427,0.038307397,0.045643574,0.048053127,0.070744167,0.028595716,0.030974428,pain
66,0.041015989,0.047316989,0.049729038,0.064559966,0.062215625,0.120738512,0.008146442,0.025736652,0.137748754,0.086601446,0.140747017,0.101522957,0.185248373,0.156140165,0.006996946,0.155130417,0.41529827,0.083499226,0.418621507,0.12181033,0.322892685,0.13931397,0.010857598,0.219589442,0.03675709,0.068874963,0.038728191,0.066985609,0.040868775,0.074511862,0.027717143,0.034286192,pain
67,0.003895336,0.003990352,0.003507815,0.004774847,0.003155616,0.00425921,0.009053184,0.004818037,0.006508305,0.005957604,0.006147165,0.006462097,0.008339262,0.006189172,0.010513574,0.016484404,0.013448228,0.011202475,0.013198647,0.011401714,0.02079246,0.011430414,0.026438934,0.040905971,0.011435209,0.011572326,0.009279657,0.011995258,0.007616973,0.010954792,0.031267947,0.008895077,pain
68,0.006023,0.005740288,0.005221009,0.004993271,0.00560786,0.004861238,0.016499853,0.007341127,0.009291756,0.007987648,0.008314043,0.006952705,0.010396302,0.007071205,0.019078376,0.027328585,0.013338815,0.010921754,0.012086439,0.008415228,0.020230473,0.010535176,0.035739263,0.059100064,0.016629911,0.015696423,0.017650312,0.020151823,0.016545815,0.014879917,0.071335329,0.016950302,pain
69,0.018464263,0.007031768,0.006668144,0.01569549,0.006485467,0.011669154,0.017560984,0.009958643,0.027819891,0.054874735,0.028395247,0.018863385,0.052256882,0.054407547,0.025708951,0.018375734,0.040055596,0.152894316,0.116983062,0.096205386,0.153429966,0.141113339,0.070498275,0.10245395,0.020861727,0.073536088,0.046501046,0.021171894,0.070478193,0.078349758,0.052296832,0.036828188,pain
70,0.057970939,0.067867811,0.090883483,0.079354995,0.08135733,0.077242241,0.035100275,0.076330264,0.021248429,0.023521452,0.036767235,0.040708435,0.047617968,0.040054947,0.038540873,0.018157895,0.080399065,0.120189233,0.165115749,0.149385253,0.160711766,0.146347431,0.072609781,0.223731742,0.322877222,0.309488105,0.300391547,0.350455112,0.25473122,0.327676059,0.315079553,0.240178509,pain
71,0.031826297,0.122785104,0.329689212,0.166864517,0.327609071,0.314325116,0.313424043,0.131084132,0.058310696,0.026788571,0.046712513,0.061704366,0.068063217,0.060794648,0.048084549,0.03384966,0.057441948,0.033167024,0.056980749,0.087069472,0.124761228,0.065189787,0.049245527,0.117579082,0.032602675,0.03056266,0.047930044,0.050483634,0.031618265,0.05094262,0.058749946,0.032998956,pain
72,0.033810128,0.027468761,0.453775202,0.163070485,0.31851556,0.391821846,0.373733387,0.103429955,0.065380591,0.00685375,0.071199274,0.055800475,0.060024652,0.104651059,0.06337824,0.036959953,0.061956271,0.005833388,0.044748333,0.049385097,0.065785473,0.05414142,0.038389957,0.110147689,0.033998663,0.007293792,0.072162953,0.045224551,0.034629472,0.057938822,0.065989408,0.030172544,pain
73,0.076977228,0.025782964,0.368813148,0.148875707,0.228918452,0.341680282,0.285783934,0.103608136,0.148586835,0.007237063,0.058401805,0.05591951,0.046053413,0.084055401,0.055797203,0.04914887,0.139742525,0.007287943,0.045830891,0.058854433,0.061071127,0.057737615,0.043615489,0.1530595,0.073904276,0.00875408,0.058148205,0.046051441,0.026576714,0.058651276,0.063331406,0.035335552,pain
74,0.042151211,0.001009301,0.067592247,0.056232053,0.028989887,0.336665817,0.147143797,0.021040272,0.072046535,0.000366522,0.013663946,0.024748664,0.007124949,0.101984867,0.035475084,0.012596804,0.072765349,0.000401224,0.010579175,0.024816078,0.008588351,0.062163688,0.023930771,0.037765028,0.048483296,0.000288578,0.010736839,0.016665956,0.003873922,0.057985486,0.033167155,0.009713602,pain
75,0.032696716,0.000522648,0.035018402,0.005964961,0.027438081,0.248117575,0.04871403,0.005572782,0.06724699,0.000215642,0.008312138,0.002854437,0.007542037,0.071261486,0.012970956,0.003451352,0.065703694,0.000261838,0.008680058,0.003442764,0.010798119,0.057891189,0.012688257,0.010047673,0.035100849,0.000227618,0.007428489,0.002349644,0.004323908,0.045899981,0.012695877,0.004058481,pain
76,0.029157001,0.001219613,0.069070922,0.002326267,0.029058386,0.24446405,0.034543284,0.025628051,0.054307689,0.000479342,0.016134434,0.001272971,0.008254926,0.078922363,0.010221462,0.02018664,0.051417219,0.000488131,0.014157618,0.001407366,0.00991043,0.057483613,0.008082676,0.051075176,0.0331391,0.000352014,0.012186376,0.000907254,0.003861393,0.044976329,0.009505356,0.010687176,pain
77,0.031365141,0.001772116,0.097451397,0.004186409,0.038430328,0.192334627,0.058176357,0.020196368,0.065975213,0.000857297,0.028653858,0.002238294,0.015809875,0.067548328,0.021661522,0.020256414,0.065773068,0.000946322,0.024941525,0.002389849,0.023194625,0.053683609,0.01654115,0.050239438,0.040212984,0.001043933,0.026606934,0.001822773,0.0081321,0.045324484,0.019040741,0.011787058,pain
78,0.057541414,0.002651622,0.131684131,0.010150138,0.056933541,0.195887575,0.061374399,0.005921265,0.109132363,0.001539599,0.04082609,0.006093703,0.020663262,0.073180216,0.025404262,0.006344833,0.102414407,0.001855066,0.038399847,0.008220287,0.033068969,0.073267338,0.023097448,0.016669687,0.060576539,0.00147949,0.042818846,0.005443716,0.00948317,0.070255111,0.031077897,0.005652805,pain
79,0.082358514,0.007692711,0.283205391,0.152940106,0.167206796,0.283051997,0.191923754,0.063003393,0.153543809,0.005324786,0.091506548,0.07568552,0.08020329,0.115340599,0.077425949,0.077595993,0.147064533,0.005476541,0.068644671,0.081077891,0.096036848,0.073848109,0.052522302,0.193014881,0.081444449,0.003541346,0.066457454,0.053742275,0.036202449,0.062207097,0.062288574,0.030918095,pain
80,0.015076664,0.00285182,0.151016367,0.011298223,0.135931084,0.184403939,0.05729552,0.061839939,0.029384897,0.002398803,0.058947794,0.006010046,0.05567409,0.059958931,0.022431384,0.076285614,0.02767113,0.00283342,0.065748256,0.007523791,0.076315377,0.069503559,0.020819528,0.19379072,0.018627112,0.001546836,0.039218554,0.005402461,0.02715335,0.055096327,0.022303695,0.036560862,pain
81,0.042343115,0.056867148,0.057843735,0.030517261,0.033255891,0.037716149,0.022465892,0.022866562,0.074582046,0.027368722,0.027747021,0.076928697,0.127511849,0.105381612,0.081799913,0.054316196,0.259570106,0.068393888,0.065391757,0.187843244,0.46286031,0.388539542,0.207565626,0.079602394,0.100190736,0.174713781,0.177225674,0.031596419,0.029258804,0.054504965,0.023902205,0.043926402,normal
82,0.012931972,0.013489533,0.013320201,0.038420322,0.026359839,0.020759121,0.026440371,0.035113492,0.009839506,0.006697811,0.006467211,0.069229771,0.081727989,0.029492843,0.08308886,0.07196334,0.01854373,0.018897635,0.014153745,0.080312174,0.177153212,0.078851054,0.119989362,0.079791743,0.087086359,0.100505464,0.101825509,0.04293472,0.028844551,0.074618589,0.023576991,0.050816442,normal
83,0.050118975,0.055930759,0.056844102,0.039048454,0.032621229,0.049162335,0.030041471,0.037736342,0.02271782,0.020845287,0.020690404,0.069589829,0.097458988,0.034914694,0.092897794,0.083368275,0.03757476,0.040917173,0.031887668,0.059944029,0.205631196,0.100198399,0.121955682,0.071768736,0.194909921,0.220239878,0.225087408,0.04013042,0.032427992,0.14628729,0.02533523,0.058485327,normal
84,0.027984114,0.029704568,0.029537464,0.044892747,0.029352121,0.033906014,0.03325325,0.044583856,0.01738969,0.011689042,0.01125326,0.071363032,0.078618004,0.030597652,0.073679062,0.091710095,0.050536878,0.053267998,0.040709113,0.065109788,0.159002143,0.12778501,0.096534954,0.077996093,0.137491854,0.154988985,0.155675215,0.037748051,0.026166905,0.105692444,0.024091474,0.058818432,normal
85,0.021759121,0.013435426,0.014450494,0.044842817,0.02736623,0.024149061,0.027447192,0.036060829,0.038790831,0.008188091,0.008503343,0.087188494,0.096122826,0.05786006,0.0991837,0.09893667,0.198950161,0.3278326,0.309120436,0.101001449,0.202109054,0.234380594,0.148953851,0.12611323,0.058730208,0.074199396,0.088008644,0.037069598,0.0226935,0.028329906,0.020664656,0.048473053,normal
86,0.034257263,0.002537038,0.010397114,0.039796789,0.026817219,0.022675051,0.036293793,0.035085802,0.126751905,0.006963489,0.044195854,0.115959251,0.115519373,0.049793652,0.148319637,0.14482684,0.50990969,0.80967971,0.735934269,0.351312722,0.314605097,0.249527794,0.563317338,0.536397272,0.02731151,0.00429064,0.010177677,0.028641348,0.024504832,0.024158974,0.02793838,0.030349778,normal
87,0.011085554,0.010978083,0.010978699,0.011113886,0.011113319,0.011104941,0.011115337,0.011125314,0.012370162,0.012101515,0.012107544,0.012361523,0.012355953,0.012361458,0.012365256,0.012333669,0.006598215,0.016552174,0.015797132,0.006521376,0.006540685,0.006577872,0.006528233,0.006551656,0.03025334,0.030206621,0.03027927,0.030247339,0.030241978,0.030267717,0.030281522,0.03008721,normal
88,5.44E-06,7.20E-06,1.13E-05,5.54E-06,6.45E-06,5.76E-06,6.47E-06,5.14E-05,1.84E-05,2.77E-05,3.91E-05,1.96E-05,2.34E-05,2.01E-05,2.12E-05,0.000186861,3.79E-05,6.17E-05,8.28E-05,4.33E-05,4.83E-05,4.28E-05,4.55E-05,0.00040927,1.75E-05,1.91E-05,2.15E-05,1.77E-05,1.89E-05,1.77E-05,1.85E-05,4.95E-05,normal
89,5.36E-06,7.41E-06,1.07E-05,5.40E-06,6.11E-06,5.34E-06,5.94E-06,4.91E-05,2.00E-05,2.89E-05,4.06E-05,1.91E-05,2.31E-05,2.05E-05,2.17E-05,0.000181338,3.93E-05,6.29E-05,8.36E-05,4.25E-05,4.84E-05,4.25E-05,4.48E-05,0.000410211,1.78E-05,2.03E-05,2.25E-05,1.84E-05,1.88E-05,1.74E-05,1.84E-05,5.08E-05,normal
90,4.96E-06,7.51E-06,1.12E-05,5.73E-06,5.79E-06,5.93E-06,5.68E-06,4.82E-05,1.86E-05,2.81E-05,3.89E-05,2.16E-05,2.33E-05,2.05E-05,2.19E-05,0.000187385,3.86E-05,6.22E-05,8.35E-05,4.30E-05,4.93E-05,4.26E-05,4.54E-05,0.000399543,1.74E-05,1.94E-05,2.08E-05,1.77E-05,1.87E-05,1.80E-05,1.80E-05,5.21E-05,normal
91,0.000691972,0.003944761,0.004412112,0.078248264,0.050767929,0.029785094,0.042729965,0.017601881,0.001448245,0.002887439,0.004015428,0.106179394,0.109810368,0.045346207,0.086478779,0.039922677,0.006411129,0.149228053,0.111110956,0.081752454,0.166386443,0.118628369,0.101315145,0.043480652,0.001624365,0.01478664,0.018960806,0.059501568,0.047361748,0.038266871,0.042757484,0.03058888,normal
92,0.005561895,0.012246789,0.012209054,0.051693722,0.024199865,0.028092626,0.034543341,0.016464377,0.007965292,0.014336204,0.014952256,0.080856326,0.057900369,0.049854404,0.081190909,0.035516504,0.020088659,0.183223724,0.132610695,0.079941772,0.104725523,0.115241745,0.132138548,0.042539157,0.017305713,0.036840365,0.038684032,0.051375266,0.026310165,0.041903177,0.041458231,0.030768317,normal
93,0.027383031,0.006205801,0.007236905,0.066282414,0.034667853,0.029731832,0.040725595,0.026947263,0.05449574,0.004913841,0.005101527,0.102204001,0.112912609,0.05372185,0.111204844,0.056333501,0.124356188,0.081063298,0.06570236,0.117350695,0.264480953,0.094216645,0.184232614,0.071963985,0.04514725,0.01841941,0.018726765,0.052933313,0.040670607,0.036346788,0.039498714,0.043551453,normal
94,0.01640556,0.06382065,0.06358902,0.020126402,0.029166639,0.036613358,0.025243814,0.013719907,0.013358047,0.051518972,0.056257247,0.02983321,0.076064004,0.047639825,0.091954897,0.027093187,0.037279544,0.115998688,0.120392603,0.067745836,0.198953891,0.111731504,0.15427712,0.043446773,0.090018013,0.120066537,0.12270569,0.079849167,0.04642739,0.081250082,0.035338075,0.032137966,normal
95,0.00959176,0.054752016,0.057716995,0.031389587,0.02895005,0.022567055,0.035204972,0.019212501,0.012518404,0.037176857,0.037991062,0.066292435,0.098619336,0.044470954,0.12437504,0.044458816,0.044585245,0.183845258,0.176861594,0.109718385,0.277982044,0.122783253,0.235397505,0.074082407,0.048500147,0.129758558,0.13690228,0.042828141,0.035442297,0.080166246,0.042843193,0.046509398,normal
96,0.015780527,0.053484523,0.059199556,0.052380249,0.037815076,0.037677729,0.037635149,0.030048878,0.028799059,0.0621948,0.065180334,0.091829975,0.119141238,0.073992435,0.118808676,0.064132873,0.073221345,0.540830471,0.500227712,0.118573597,0.297634464,0.174001889,0.185644979,0.086055301,0.032532899,0.111262697,0.123384206,0.053066787,0.040667003,0.054297104,0.042890865,0.061393769,normal
97,0.012342351,0.02580964,0.027108043,0.053926697,0.032798765,0.036427464,0.035464611,0.02820857,0.023954058,0.032515594,0.031814351,0.077586787,0.106790619,0.063391392,0.118109223,0.05543161,0.061723024,0.266183272,0.235420426,0.122195182,0.304587911,0.171999018,0.227197866,0.08946744,0.03111754,0.119390336,0.126019913,0.052782631,0.0375141,0.061604371,0.043086279,0.056846652,normal
98,0.0199073,0.004698472,0.005218806,0.060938009,0.042177898,0.04555082,0.052815425,0.042152395,0.047944704,0.018890333,0.020796814,0.108712152,0.151835735,0.081917857,0.136715186,0.085225978,0.118645078,0.871875718,0.866702832,0.118950758,0.347657303,0.18842335,0.194077261,0.086113718,0.026882055,0.006441254,0.007461989,0.067057408,0.037251787,0.05609908,0.046643948,0.073024561,normal
99,0.01314406,0.007099238,0.007224643,0.061484063,0.03453201,0.031740602,0.042157451,0.033725063,0.023923726,0.007280448,0.007165162,0.091909031,0.110366602,0.05069344,0.116180627,0.063375148,0.05671297,0.065069569,0.055220074,0.106514851,0.227912041,0.119129152,0.161389944,0.079602165,0.055876098,0.091569905,0.094866505,0.053526916,0.037192275,0.05738921,0.043282062,0.046539539,normal
100,0.013610604,0.017756649,0.017501907,0.038888143,0.034467758,0.027275003,0.034325859,0.021497755,0.024995764,0.013646468,0.013082347,0.071712012,0.116296305,0.052537418,0.097277945,0.045374594,0.063395947,0.105930905,0.089082294,0.091127899,0.235382992,0.128723098,0.145191172,0.062747423,0.039684277,0.079809443,0.079472753,0.045940593,0.042335745,0.048591178,0.041044463,0.041747584,normal
101,0.013386542,0.010208334,0.012731808,0.035428076,0.025453758,0.033324813,0.040890723,0.025983643,0.024606626,0.019332081,0.020712138,0.103717876,0.09973026,0.111840954,0.159033757,0.076736133,0.020929873,0.0148138,0.016637509,0.155426757,0.176035303,0.179892172,0.275006815,0.142704588,0.052655172,0.03946446,0.057805207,0.032973699,0.029403927,0.038497411,0.034238588,0.025914285,normal
102,0.020277612,0.011711017,0.026862787,0.022603661,0.017447248,0.013784083,0.018438735,0.013513282,0.013275388,0.007790497,0.010990878,0.050161654,0.043030951,0.031179164,0.045012482,0.027684956,0.015591188,0.016378932,0.030006746,0.053251132,0.083142753,0.045929752,0.065473574,0.030322557,0.036525595,0.025872515,0.05316969,0.046573503,0.03909745,0.045368427,0.04167502,0.057695558,normal
103,0.047477473,0.03761097,0.026951464,0.056617506,0.016060596,0.022912979,0.035459742,0.017209874,0.038897692,0.025477781,0.017526657,0.074456241,0.030578511,0.029711518,0.087127673,0.033214899,0.039211887,0.019774148,0.016598604,0.06869395,0.067027274,0.023347851,0.123928464,0.029469187,0.137752438,0.125819293,0.106273806,0.034896977,0.018174143,0.046625137,0.056083649,0.023105372,normal
104,0.004327183,0.00864962,0.005877219,0.023736392,0.022998786,0.031749817,0.033971685,0.02772366,0.01307265,0.011403681,0.006182032,0.085755483,0.073049125,0.060610152,0.083419939,0.070946446,0.022255207,0.033192561,0.019215817,0.174327616,0.273167198,0.104941589,0.281705438,0.108159336,0.020719634,0.043904512,0.03182082,0.027227537,0.021570641,0.071550446,0.045377682,0.059186605,normal
105,0.016711747,0.015390408,0.018713555,0.024716767,0.017639911,0.007686781,0.015529303,0.00776727,0.022331546,0.011609746,0.013006059,0.074706765,0.069043485,0.038801377,0.087250331,0.007266346,0.036916097,0.027796854,0.021245552,0.126407152,0.201230597,0.075888473,0.18937509,0.009421857,0.043561793,0.033538851,0.071241004,0.024622651,0.021570929,0.013877842,0.016325973,0.02323826,normal
106,0.082968693,0.124320847,0.116025626,0.036188608,0.020827645,0.023240691,0.027806826,0.010183465,0.109223018,0.116884597,0.103256935,0.05865893,0.049277035,0.046784024,0.053497298,0.018543909,0.095824086,0.092450427,0.079859445,0.043828503,0.068648362,0.040536129,0.061115752,0.020920509,0.167809156,0.199227023,0.193927547,0.049493917,0.050193102,0.050026261,0.060950271,0.037074084,normal
107,0.011707504,0.012210479,0.011635121,0.031222148,0.022132791,0.014268656,0.01809866,0.008706868,0.008878587,0.007966673,0.008682194,0.055383729,0.034818814,0.029367594,0.039313518,0.025095071,0.003266885,0.002196808,0.002300622,0.057518583,0.045806743,0.029614882,0.050281732,0.034157102,0.041053984,0.040464385,0.035233108,0.034009513,0.046945319,0.02755137,0.030977691,0.028673211,normal
108,0.006451786,0.064416184,0.04554702,0.034991332,0.03849196,0.02155447,0.025200581,0.018559377,0.002589388,0.048906495,0.074751965,0.059951323,0.058156666,0.026008182,0.057761619,0.037919413,0.000530445,0.020162803,0.037415419,0.054574745,0.082056872,0.023029231,0.049985365,0.03656191,0.051702337,0.100708749,0.076631828,0.043793195,0.039709782,0.057275685,0.04807632,0.034697948,normal
109,0.02507128,0.022716982,0.018560799,0.027510822,0.015940056,0.022416088,0.015158163,0.023207813,0.026565181,0.022069505,0.017060961,0.05938876,0.023157835,0.04248051,0.025740839,0.058634177,0.009718293,0.004104371,0.003353584,0.062213383,0.027158774,0.052635894,0.024575465,0.087565565,0.082662542,0.07417745,0.069983122,0.02625797,0.036983463,0.040981625,0.030686798,0.048805466,normal
110,0.000766934,0.036545908,0.032218858,0.031520232,0.02013939,0.024465435,0.034764737,0.014820455,0.001050261,0.023298824,0.022309794,0.077340156,0.045524504,0.045159388,0.064843951,0.03457192,0.001630158,0.055544724,0.045592041,0.076908152,0.062379629,0.058037035,0.062430964,0.042495199,0.002494954,0.151547575,0.137643588,0.067311046,0.05427523,0.0402742,0.055073654,0.03892303,normal
111,0.078651884,0.122739622,0.106833055,0.079906066,0.195167672,0.185785528,0.185055715,0.158008015,0.160574597,0.065285308,0.047773008,0.035799097,0.073486471,0.085543571,0.089145401,0.08766105,0.176122875,0.081738274,0.266221939,0.589571984,0.054730853,0.092152189,0.108213713,0.050375257,0.085383406,0.108468173,0.069582926,0.060556649,0.11217972,0.131514812,0.117930767,0.133343686,yoga
112,0.031587111,0.16061291,0.111631566,0.08165816,0.214337131,0.21017785,0.210994479,0.191830722,0.047797941,0.069929869,0.044721575,0.032844489,0.073968701,0.085925779,0.080330777,0.092776985,0.038012248,0.086458771,0.294422671,0.625604507,0.057781799,0.097641585,0.107526865,0.055308097,0.064161415,0.131314013,0.077666743,0.059329563,0.129012248,0.147807718,0.147056944,0.15103146,yoga
113,0.07163084,0.15097611,0.107313171,0.068051803,0.199281554,0.194536209,0.198718012,0.192736817,0.153521034,0.07518423,0.047211756,0.032048821,0.076997645,0.087454569,0.086586684,0.094537906,0.168767859,0.110050954,0.350105974,0.660052442,0.077183288,0.113987633,0.114472327,0.064885028,0.087493676,0.118782032,0.072548382,0.050400327,0.124987924,0.132322579,0.127836507,0.135957999,yoga
114,0.046658678,0.177900766,0.175850697,0.170403374,0.232775596,0.2246021,0.238061704,0.175364992,0.096235911,0.081308236,0.070805111,0.072130082,0.088637763,0.09761463,0.092186756,0.090322641,0.100984449,0.061068814,0.132374668,0.273454363,0.053970441,0.052336927,0.05616664,0.045344936,0.05728279,0.11548046,0.107522794,0.104642613,0.130749795,0.142964437,0.131590397,0.129985331,yoga
115,0.045958506,0.112352756,0.093424663,0.058803891,0.182959874,0.191100189,0.201085796,0.159658416,0.097661248,0.071559328,0.043654712,0.028657352,0.073845896,0.080094301,0.073828214,0.088760427,0.107769956,0.144421827,0.379365498,0.69735887,0.134301644,0.17014667,0.151639857,0.136516924,0.053992286,0.096676641,0.059910233,0.044202904,0.106569289,0.116079049,0.111801864,0.114996722,yoga
116,0.091204828,0.070167817,0.045112333,0.067097977,0.143188283,0.16946741,0.152738277,0.136355073,0.179941014,0.047934985,0.022311981,0.034381798,0.062018023,0.084852439,0.080942641,0.075549356,0.205805898,0.084611316,0.133727792,0.647512366,0.065713911,0.143473201,0.118159259,0.086353653,0.106302535,0.054614188,0.035643459,0.051823327,0.099129203,0.125390607,0.125386936,0.10693372,yoga
117,0.072397453,0.132844551,0.095960859,0.047451043,0.184102323,0.18649068,0.195068071,0.182697053,0.15017142,0.091662856,0.049900849,0.023238624,0.076364714,0.08089387,0.073628382,0.084314724,0.171418627,0.16248367,0.450254738,0.763031252,0.061530193,0.15325688,0.144022289,0.055919396,0.089082341,0.12155533,0.066267411,0.038919913,0.136827194,0.12950885,0.123064675,0.136812885,yoga
118,0.020796261,0.131812637,0.120181253,0.063332366,0.208400813,0.177370987,0.178073284,0.167539733,0.057553154,0.088885296,0.065403429,0.031370938,0.091911687,0.083374991,0.081028661,0.076854731,0.072093403,0.118011934,0.36878632,0.669027593,0.047866406,0.111010499,0.10832413,0.040066099,0.023074422,0.118389153,0.089676476,0.052080236,0.149189199,0.14287229,0.139869416,0.154644924,yoga
119,0.060180222,0.149509473,0.136859752,0.082021675,0.209471961,0.212708479,0.22971217,0.178020307,0.115059777,0.083962849,0.061481029,0.034618676,0.072197317,0.08442305,0.074948909,0.079701238,0.129600688,0.101446634,0.282077492,0.630736331,0.03308352,0.098644407,0.081274585,0.037497908,0.06849651,0.11066964,0.105470409,0.057671351,0.164180362,0.146470816,0.157817302,0.135462536,yoga
120,0.104039594,0.134642537,0.126728002,0.071174575,0.226955794,0.190837293,0.215234579,0.159087899,0.205278869,0.090849331,0.065234529,0.033742748,0.085095321,0.083253503,0.080988675,0.079159441,0.226717244,0.119082229,0.323728782,0.642971565,0.04005598,0.103998261,0.096712104,0.038660676,0.117024545,0.105662869,0.085654374,0.048805414,0.138504719,0.13099064,0.130749455,0.133726144,yoga
121,0.019297361,0.015073275,0.11810262,0.056758176,0.074621293,0.022355182,0.001437228,0.00094133,0.014941225,0.013989445,0.07601675,0.042554334,0.046824624,0.019901617,0.002041617,0.001699633,0.006868494,0.019314072,0.060729555,0.030111976,0.015759831,0.008597293,0.001397375,0.002212377,0.01982366,0.021075856,0.059056029,0.051692557,0.016877372,0.009311378,0.001286228,0.001023055,yoga
122,0.010022301,0.006306768,0.040731762,0.017624863,0.033490014,0.011577039,0.00252771,0.001607783,0.011894639,0.008052898,0.040642903,0.017791517,0.048363641,0.017734606,0.004237202,0.003217044,0.009843403,0.010573152,0.037223342,0.015676235,0.025166884,0.012197994,0.002656926,0.004177461,0.014196871,0.008607644,0.036829252,0.016998099,0.022464303,0.00912369,0.002632122,0.002032663,yoga
123,0.009489565,0.004503011,0.052519913,0.015673832,0.059240242,0.023151838,0.004166715,0.001128913,0.011837895,0.006812668,0.051178961,0.018918889,0.08464348,0.034300535,0.006770718,0.002394027,0.01097448,0.009595241,0.049581479,0.019948572,0.048602238,0.02705776,0.004473679,0.003794469,0.010581816,0.005372999,0.041899289,0.013909094,0.037674398,0.013366031,0.004413223,0.001148149,yoga
124,0.00673469,0.003779331,0.018289929,0.011011656,0.044150609,0.020769391,0.004495355,0.001021929,0.008306341,0.005293387,0.017271921,0.010878732,0.057292995,0.028281313,0.006577611,0.001675603,0.006287738,0.006617574,0.01784366,0.010558279,0.030806042,0.019351697,0.004214316,0.002048571,0.008555016,0.005426585,0.016359071,0.011401646,0.028809694,0.01331205,0.004000846,0.001115444,yoga
125,0.003802798,0.001912099,0.012555681,0.006510081,0.029194412,0.006107981,0.001918223,0.000396266,0.004935681,0.002604338,0.012814102,0.007561417,0.0456597,0.009931059,0.003071768,0.000748621,0.002411553,0.002975092,0.01200527,0.006525798,0.024100604,0.005676656,0.00140127,0.000745674,0.006312232,0.003255636,0.015398585,0.008676511,0.021699072,0.005298702,0.002012777,0.000489091,yoga
126,0.005115587,0.004019116,0.033946079,0.018108875,0.066561287,0.045861754,0.002208322,0.000792981,0.005728727,0.005283921,0.028515158,0.016413062,0.088081647,0.052237121,0.003339657,0.001393178,0.003882635,0.005553642,0.022332966,0.014324718,0.046062889,0.031180182,0.002258091,0.002135142,0.00512237,0.004216181,0.020997967,0.010652668,0.027272647,0.016111616,0.001903243,0.000540856,yoga
127,0.013393984,0.011001676,0.089605164,0.07435006,0.118612014,0.077067985,0.002356823,0.001200974,0.01389749,0.014465096,0.0739944,0.068515382,0.135883896,0.082161933,0.003711623,0.002912962,0.012205051,0.01835294,0.067047695,0.073504443,0.080604254,0.06426339,0.003320938,0.00781087,0.009519714,0.007195141,0.038932701,0.029367847,0.031041002,0.018849108,0.001603103,0.000630436,yoga
128,0.018157311,0.015250218,0.07416962,0.071689705,0.088480977,0.060549769,0.002726115,0.001658727,0.01962562,0.019057773,0.061484048,0.063004936,0.119458653,0.0683089,0.004320171,0.003109428,0.013193562,0.02341433,0.051120403,0.057042526,0.061651994,0.04161484,0.002673858,0.00514539,0.014503281,0.012266722,0.036836297,0.034422597,0.027751505,0.017486586,0.002014199,0.000922854,yoga
129,0.020873801,0.012126717,0.050036442,0.027256551,0.071472282,0.030155613,0.004765917,0.001692482,0.024750843,0.015626608,0.044449677,0.024814579,0.097149077,0.037295651,0.008305666,0.005448469,0.027473904,0.029227779,0.05430531,0.035215396,0.062592252,0.036487525,0.008186604,0.017443051,0.017876514,0.011848467,0.028461254,0.016417813,0.025181131,0.00951204,0.003791818,0.000978762,yoga
130,0.017085865,0.013598383,0.036114959,0.03706578,0.057185643,0.031902302,0.002119223,0.001334213,0.017913544,0.010009342,0.032661205,0.035093527,0.084750131,0.042367648,0.004227178,0.004805849,0.015373823,0.00670575,0.02859556,0.033891986,0.052923928,0.05070951,0.009973292,0.024758037,0.015871196,0.010615413,0.024289499,0.033345607,0.023840842,0.013053863,0.001952693,0.000876347,yoga
131,0.01544582,0.01713545,0.021547541,0.016721694,0.063352934,0.040168001,0.023492503,0.010932702,0.038560313,0.032658699,0.046821061,0.027616595,0.140743308,0.12584561,0.107955105,0.103518813,0.094562073,0.326435778,0.263686416,0.125366156,0.234144675,0.28424832,0.381120143,0.51249771,0.047202077,0.032250302,0.03285693,0.028826976,0.029191516,0.029927899,0.025478616,0.009457691,pain
132,0.017149956,0.011711556,0.01553933,0.014667217,0.050342687,0.032188268,0.021930494,0.006946313,0.046084015,0.024389471,0.042526976,0.041453124,0.149150684,0.127571398,0.099861042,0.109588335,0.103293456,0.400505787,0.256246138,0.190045554,0.239710045,0.360248785,0.404586223,0.626575056,0.052036963,0.047374992,0.035295307,0.034556966,0.022475361,0.022597703,0.012809125,0.007011209,pain
133,0.012871612,0.006145283,0.017017994,0.015810156,0.085699461,0.050109912,0.033549045,0.014015187,0.026065495,0.013961354,0.036546311,0.037113123,0.164311163,0.115063068,0.111690772,0.160227117,0.079389549,0.608324991,0.475441543,0.31469976,0.290088452,0.214024774,0.261581735,0.474861173,0.057458181,0.022680851,0.033752331,0.033833512,0.033558108,0.037231628,0.033958789,0.015523349,pain
134,0.017109951,0.007599325,0.01666576,0.016756667,0.074535901,0.054723281,0.043908966,0.023342434,0.023062636,0.008686044,0.028478994,0.025989255,0.171951966,0.122575747,0.096608141,0.143866012,0.060356102,0.555272297,0.502198961,0.30360124,0.284650168,0.191373718,0.137021312,0.330422179,0.065627944,0.018861676,0.030055348,0.025904631,0.042747959,0.050218574,0.051933466,0.028842094,pain
135,0.00782429,0.049337278,0.004913787,0.020122995,0.032361236,0.016854486,0.00938326,0.005558166,0.011901884,0.029436397,0.003905318,0.023067336,0.090539206,0.067049652,0.056982746,0.078995722,0.038160231,0.097178437,0.036315082,0.111195671,0.17020284,0.275810625,0.366858325,0.603856564,0.045535389,0.088112658,0.052463797,0.104157057,0.030696645,0.028498429,0.01698997,0.009164195,pain
136,0.012018667,0.006227772,0.007438354,0.017088539,0.048882757,0.032542273,0.016994517,0.009422893,0.021612601,0.01146094,0.015310285,0.036957625,0.153773375,0.102516931,0.077624047,0.089153166,0.066195851,0.576117692,0.534189154,0.389063972,0.248139995,0.280135295,0.357414382,0.502260412,0.038552012,0.016815652,0.014808689,0.025379139,0.035329758,0.030355873,0.019879375,0.01043797,pain
137,0.009675807,0.008802121,0.010046261,0.013412175,0.039368782,0.017229541,0.008502347,0.003558054,0.02855694,0.020508212,0.023808471,0.034297084,0.115825449,0.095646553,0.101962614,0.097457369,0.106019713,0.482865673,0.545106325,0.243350434,0.274180372,0.461668388,0.569822708,0.713504439,0.03907879,0.023346563,0.023722558,0.029418985,0.028761406,0.017149666,0.011419524,0.00411147,pain
138,0.009754228,0.008362474,0.010806005,0.014805887,0.028890255,0.017951853,0.009832448,0.005460346,0.042969222,0.02610478,0.017924884,0.046720312,0.081590741,0.083870981,0.070177417,0.120979324,0.102160247,0.440772129,0.259302574,0.244570871,0.183820056,0.278873739,0.374463844,0.577275501,0.034807861,0.025162972,0.022191588,0.036881746,0.022166617,0.018684068,0.012371746,0.006905954,pain
139,0.011918333,0.006166082,0.005475928,0.01562194,0.02116298,0.029536244,0.004368222,0.01102605,0.029791759,0.013310074,0.005639082,0.046583882,0.067773031,0.104915326,0.020117882,0.128764587,0.060246944,0.397989204,0.063789729,0.300681482,0.107013335,0.193180313,0.044415127,0.384141627,0.041150978,0.021670514,0.016216055,0.026655085,0.012126901,0.024877415,0.004665654,0.013888534,pain
140,0.01590056,0.020859904,0.017680724,0.032526758,0.059679816,0.029629408,0.028058424,0.015282641,0.025512813,0.061466052,0.020943989,0.044040429,0.148304367,0.062743321,0.094892788,0.130111917,0.047385358,0.178246261,0.140131497,0.197939746,0.244777254,0.120896505,0.182812116,0.415802822,0.053432689,0.034742465,0.040156882,0.068429977,0.053365675,0.062861291,0.029204462,0.021455064,pain
141,0.003643115,0.003618452,0.009928156,0.010128415,0.010724962,0.012869659,0.011951507,0.015784875,0.00227077,0.002360308,0.011029604,0.013205956,0.015412088,0.018320616,0.020963625,0.023544993,0.006152269,0.006512135,0.005817263,0.014953332,0.023861594,0.028070668,0.046291877,0.032632717,0.022844071,0.022704297,0.0271367,0.026911315,0.027236072,0.032367559,0.027118569,0.049912657,normal
142,0.014628314,0.014505736,3.39E-07,3.39E-07,3.39E-07,3.39E-07,3.39E-07,0.009042281,0.003747446,0.003732438,4.67E-08,4.67E-08,4.67E-08,4.67E-08,4.67E-08,0.001664389,0.011718909,0.011581417,4.47E-10,4.47E-10,4.47E-10,4.47E-10,4.47E-10,0.002664585,0.073946717,0.073425267,1.37E-05,1.37E-05,1.37E-05,1.37E-05,1.37E-05,0.06011277,normal
143,0.004484978,0.004340316,3.39E-07,3.39E-07,3.39E-07,3.39E-07,3.39E-07,0.010481137,0.002577925,0.002397864,4.67E-08,4.67E-08,4.67E-08,4.67E-08,4.67E-08,0.0116872,0.144725375,0.139901096,4.47E-10,4.47E-10,4.47E-10,4.47E-10,4.47E-10,0.006193652,0.028041975,0.027260321,1.37E-05,1.37E-05,1.37E-05,1.37E-05,1.37E-05,0.02908911,normal
144,0.001591925,0.001550666,3.39E-07,3.39E-07,3.39E-07,3.39E-07,3.39E-07,3.39E-07,0.000737104,0.00074166,4.67E-08,4.67E-08,4.67E-08,4.67E-08,4.67E-08,4.67E-08,0.13482816,0.137817873,4.47E-10,4.47E-10,4.47E-10,4.47E-10,4.47E-10,4.47E-10,0.015705178,0.015306194,1.37E-05,1.37E-05,1.37E-05,1.37E-05,1.37E-05,1.37E-05,normal
145,0.001539969,0.001524359,3.39E-07,3.39E-07,3.39E-07,3.39E-07,3.39E-07,3.39E-07,0.00060441,0.00061292,4.67E-08,4.67E-08,4.67E-08,4.67E-08,4.67E-08,4.67E-08,0.11303788,0.112456123,4.47E-10,4.47E-10,4.47E-10,4.47E-10,4.47E-10,4.47E-10,0.018408579,0.018351873,1.37E-05,1.37E-05,1.37E-05,1.37E-05,1.37E-05,1.37E-05,normal
146,0.008972753,0.008998202,3.39E-07,3.39E-07,3.39E-07,3.39E-07,3.39E-07,3.39E-07,0.001812674,0.001788267,4.67E-08,4.67E-08,4.67E-08,4.67E-08,4.67E-08,4.67E-08,0.059877474,0.059711072,4.47E-10,4.47E-10,4.47E-10,4.47E-10,4.47E-10,4.47E-10,0.030900103,0.030641215,1.37E-05,1.37E-05,1.37E-05,1.37E-05,1.37E-05,1.37E-05,normal
147,0.016366119,0.016367649,3.39E-07,3.39E-07,3.39E-07,3.39E-07,3.39E-07,3.39E-07,0.011734987,0.011735257,4.67E-08,4.67E-08,4.67E-08,4.67E-08,4.67E-08,4.67E-08,0.055826649,0.055917978,4.47E-10,4.47E-10,4.47E-10,4.47E-10,4.47E-10,4.47E-10,0.062968834,0.063047805,1.37E-05,1.37E-05,1.37E-05,1.37E-05,1.37E-05,1.37E-05,normal
148,0.053908929,0.053978487,3.39E-07,3.39E-07,3.39E-07,3.39E-07,3.39E-07,3.39E-07,0.026486299,0.026467534,4.67E-08,4.67E-08,4.67E-08,4.67E-08,4.67E-08,4.67E-08,0.021773545,0.021740362,4.47E-10,4.47E-10,4.47E-10,4.47E-10,4.47E-10,4.47E-10,0.081810613,0.081759193,1.37E-05,1.37E-05,1.37E-05,1.37E-05,1.37E-05,1.37E-05,normal
149,0.00676423,0.006755634,3.39E-07,3.39E-07,3.39E-07,3.39E-07,3.39E-07,3.39E-07,0.004226685,0.004228759,4.67E-08,4.67E-08,4.67E-08,4.67E-08,4.67E-08,4.67E-08,0.029148604,0.029051274,4.47E-10,4.47E-10,4.47E-10,4.47E-10,4.47E-10,4.47E-10,0.084700465,0.084705813,1.37E-05,1.37E-05,1.37E-05,1.37E-05,1.37E-05,1.37E-05,normal
150,0.023448555,0.023673907,3.39E-07,3.39E-07,3.39E-07,3.39E-07,3.39E-07,3.39E-07,0.028755257,0.029065465,4.67E-08,4.67E-08,4.67E-08,4.67E-08,4.67E-08,4.67E-08,0.04001876,0.039511159,4.47E-10,4.47E-10,4.47E-10,4.47E-10,4.47E-10,4.47E-10,0.044001174,0.043983063,1.37E-05,1.37E-05,1.37E-05,1.37E-05,1.37E-05,1.37E-05,normal
